{
    "accuracy": 0.9943856401951144,
    "precision": 0.5087650954421503,
    "recall": 0.8700866089273818,
    "f1_score": 0.6420845624385447
}